id,name,login,salary
#test comments,,,
,update name,asiii,199
e000000050,Saoirse Nelson,Saoirse Nelson,1198
e000000051,Jaxson Donaldson,Jaxson Donaldson,367
e000000052,,Bo Powers,672
e000000053,Jae Weir,Jae Weir,544
e000000054,Hermione Gallagher,Hermione Gallagher,932
e000000055,Amit Moody,Amit Moody,1619
e000000056,Imran Underwood,,3678
e000000057,Remi Chan,Remi Chan,3384
e000000058,Izzie Woolley,Izzie Woolley,2145
e000000059,Codey Hodgson,Codey Hodgson,
e000000060,Danyl Schaefer,Danyl Schaefer,3178
e000000061,Zayna Mckeown,Zayna Mckeown,253
e000000062,Pixie Osborne,Pixie Osborne,2983
e000000063,Hoorain Boyd,Hoorain Boyd,548
e000000064,Arif Dowling,Arif Dowling,2371
e000000065,Dayna Kaufman,Dayna Kaufman,2754
e000000066,Avni Mcdougall,Avni Mcdougall,3153
e000000067,Kabir Booth,Kabir Booth,3957
,,,